{
    "1": {
        "recall": 0.7953964194373402,
        "mrr": 0.7953964194373402
    },
    "3": {
        "recall": 0.948849104859335,
        "mrr": 0.8648763853367435
    },
    "5": {
        "recall": 0.969309462915601,
        "mrr": 0.8696078431372548
    },
    "10": {
        "recall": 0.9820971867007673,
        "mrr": 0.87128445581131
    },
    "15": {
        "recall": 0.9846547314578005,
        "mrr": 0.8714975845410627
    },
    "20": {
        "recall": 0.9872122762148338,
        "mrr": 0.8716480283503
    }
}