{
    "1": {
        "recall": 0.8005115089514067,
        "mrr": 0.8005115089514067
    },
    "3": {
        "recall": 0.948849104859335,
        "mrr": 0.8678601875532819
    },
    "5": {
        "recall": 0.969309462915601,
        "mrr": 0.8727195225916451
    },
    "10": {
        "recall": 0.979539641943734,
        "mrr": 0.8741403807899969
    },
    "15": {
        "recall": 0.979539641943734,
        "mrr": 0.8741403807899969
    },
    "20": {
        "recall": 0.9872122762148338,
        "mrr": 0.8745465790749375
    }
}