{
    "1": {
        "recall": 0.8312020460358056,
        "mrr": 0.8312020460358056
    },
    "3": {
        "recall": 0.9335038363171355,
        "mrr": 0.8768115942028984
    },
    "5": {
        "recall": 0.9539641943734015,
        "mrr": 0.8815430520034099
    },
    "10": {
        "recall": 0.9718670076726342,
        "mrr": 0.8841432225063937
    },
    "15": {
        "recall": 0.9769820971867008,
        "mrr": 0.8845226384868327
    },
    "20": {
        "recall": 0.9769820971867008,
        "mrr": 0.8845226384868327
    }
}