{
    "1": {
        "recall": 0.8644501278772379,
        "mrr": 0.8644501278772379
    },
    "3": {
        "recall": 0.9539641943734015,
        "mrr": 0.906223358908781
    },
    "5": {
        "recall": 0.969309462915601,
        "mrr": 0.909931798806479
    },
    "10": {
        "recall": 0.9820971867007673,
        "mrr": 0.9116896033775829
    },
    "15": {
        "recall": 0.9846547314578005,
        "mrr": 0.911922107446404
    },
    "20": {
        "recall": 0.9872122762148338,
        "mrr": 0.9120725512556412
    }
}