{
    "1": {
        "recall": 0.8465473145780051,
        "mrr": 0.8465473145780051
    },
    "3": {
        "recall": 0.959079283887468,
        "mrr": 0.8985507246376812
    },
    "5": {
        "recall": 0.969309462915601,
        "mrr": 0.900852514919011
    },
    "10": {
        "recall": 0.9846547314578005,
        "mrr": 0.9028163439288757
    },
    "15": {
        "recall": 0.9872122762148338,
        "mrr": 0.9030294726586285
    },
    "20": {
        "recall": 0.989769820971867,
        "mrr": 0.9031573498964802
    }
}