{
    "1": {
        "recall": 0.8337595907928389,
        "mrr": 0.8337595907928389
    },
    "3": {
        "recall": 0.9539641943734015,
        "mrr": 0.8900255754475703
    },
    "5": {
        "recall": 0.9667519181585678,
        "mrr": 0.8929667519181586
    },
    "10": {
        "recall": 0.9744245524296675,
        "mrr": 0.8942455242966751
    },
    "15": {
        "recall": 0.9820971867007673,
        "mrr": 0.8949236611640702
    },
    "20": {
        "recall": 0.9872122762148338,
        "mrr": 0.8951936242217571
    }
}