{
    "1": {
        "recall": 0.8695652173913043,
        "mrr": 0.8695652173913043
    },
    "3": {
        "recall": 0.9462915601023018,
        "mrr": 0.9066496163682864
    },
    "5": {
        "recall": 0.969309462915601,
        "mrr": 0.9118925831202045
    },
    "10": {
        "recall": 0.979539641943734,
        "mrr": 0.9132241302318026
    },
    "15": {
        "recall": 0.979539641943734,
        "mrr": 0.9132241302318026
    },
    "20": {
        "recall": 0.9820971867007673,
        "mrr": 0.9133662160516378
    }
}