{
    "1": {
        "recall": 0.8797953964194374,
        "mrr": 0.8797953964194374
    },
    "3": {
        "recall": 0.959079283887468,
        "mrr": 0.9156010230179028
    },
    "5": {
        "recall": 0.9718670076726342,
        "mrr": 0.9186700767263425
    },
    "10": {
        "recall": 0.9820971867007673,
        "mrr": 0.9197499289570898
    },
    "15": {
        "recall": 0.9820971867007673,
        "mrr": 0.9197499289570898
    },
    "20": {
        "recall": 0.9846547314578005,
        "mrr": 0.9198920147769252
    }
}