{
    "1": {
        "recall": 0.7698209718670077,
        "mrr": 0.7698209718670077
    },
    "3": {
        "recall": 0.9053708439897699,
        "mrr": 0.8324808184143222
    },
    "5": {
        "recall": 0.9437340153452686,
        "mrr": 0.84156010230179
    },
    "10": {
        "recall": 0.9641943734015346,
        "mrr": 0.8443652823448218
    },
    "15": {
        "recall": 0.969309462915601,
        "mrr": 0.8447804681820025
    },
    "20": {
        "recall": 0.9718670076726342,
        "mrr": 0.8449403147293171
    }
}